{
  "Thailand/Bangkok-RAMA-CMG-0073/2021": {
    "frequencies": [
      0.0,
      0.0,
      0.0,
      0.0,
      0.0,
      0.0,
      0.0,
      0.0,
      0.0,
      0.0,
      0.0,
      0.0,
      0.0,
      0.0,
      0.0,
      0.0,
      0.0,
      0.0,
      0.0,
      0.0,
      0.0,
      0.0,
      0.0,
      0.0,
      0.0,
      0.0,
      0.0,
      0.0,
      0.0,
      0.0,
      1e-06,
      6e-06,
      3.2e-05,
      0.000139,
      0.000476,
      0.001421,
      0.004013,
      0.010066,
      0.026185,
      0.060766,
      0.112157,
      0.149174,
      0.147519,
      0.126988,
      0.102901,
      0.081056,
      0.063871,
      0.048646,
      0.036463,
      0.026957,
      0.019309,
      0.013903
    ]
  },
  "Thailand/CONI-1261/2021": {
    "frequencies": [
      1.0,
      1.0,
      1.0,
      1.0,
      1.0,
      1.0,
      1.0,
      1.0,
      1.0,
      1.0,
      1.0,
      1.0,
      1.0,
      1.0,
      1.0,
      1.0,
      1.0,
      1.0,
      1.0,
      0.999999,
      0.999997,
      0.999993,
      0.999979,
      0.999939,
      0.999838,
      0.999533,
      0.998642,
      0.996045,
      0.987774,
      0.964871,
      0.903422,
      0.759341,
      0.537223,
      0.279707,
      0.114468,
      0.041247,
      0.013913,
      0.004975,
      0.001545,
      0.000433,
      9.5e-05,
      1.3e-05,
      2e-06,
      0.0,
      0.0,
      0.0,
      0.0,
      0.0,
      0.0,
      0.0,
      0.0,
      0.0
    ]
  },
  "Thailand/COVPSU-00346/2021": {
    "frequencies": [
      0.0,
      0.0,
      0.0,
      0.0,
      0.0,
      0.0,
      0.0,
      0.0,
      0.0,
      0.0,
      0.0,
      0.0,
      0.0,
      0.0,
      0.0,
      0.0,
      0.0,
      0.0,
      0.0,
      1e-06,
      2e-06,
      5e-06,
      1.5e-05,
      4.3e-05,
      0.000111,
      0.000309,
      0.000866,
      0.002421,
      0.007141,
      0.01956,
      0.051076,
      0.120372,
      0.219126,
      0.319894,
      0.367071,
      0.368887,
      0.348889,
      0.321006,
      0.279588,
      0.218487,
      0.135024,
      0.056157,
      0.018701,
      0.00539,
      0.001462,
      0.000388,
      0.000111,
      2.9e-05,
      7e-06,
      2e-06,
      0.0,
      0.0
    ]
  },
  "Thailand/COVPSU-00362/2021": {
    "frequencies": [
      0.0,
      0.0,
      0.0,
      0.0,
      0.0,
      0.0,
      0.0,
      0.0,
      0.0,
      0.0,
      0.0,
      0.0,
      0.0,
      0.0,
      0.0,
      0.0,
      0.0,
      0.0,
      0.0,
      0.0,
      0.0,
      0.0,
      1e-06,
      4e-06,
      1.3e-05,
      4.2e-05,
      0.000138,
      0.000457,
      0.00161,
      0.00522,
      0.016114,
      0.04494,
      0.095457,
      0.164902,
      0.22391,
      0.266036,
      0.297741,
      0.319652,
      0.329448,
      0.30438,
      0.222591,
      0.110706,
      0.043586,
      0.014866,
      0.004773,
      0.001497,
      0.000502,
      0.000152,
      4.5e-05,
      1.3e-05,
      4e-06,
      1e-06
    ]
  },
  "Thailand/COVPSU-00363/2021": {
    "frequencies": [
      0.0,
      0.0,
      0.0,
      0.0,
      0.0,
      0.0,
      0.0,
      0.0,
      0.0,
      0.0,
      0.0,
      0.0,
      0.0,
      0.0,
      0.0,
      0.0,
      0.0,
      0.0,
      0.0,
      0.0,
      0.0,
      1e-06,
      5e-06,
      1.4e-05,
      3.8e-05,
      0.000116,
      0.000354,
      0.001077,
      0.003474,
      0.01035,
      0.029386,
      0.075337,
      0.148144,
      0.235259,
      0.293659,
      0.320884,
      0.330137,
      0.328116,
      0.310874,
      0.264151,
      0.177579,
      0.080764,
      0.029244,
      0.009169,
      0.002706,
      0.000781,
      0.000242,
      6.8e-05,
      1.8e-05,
      5e-06,
      1e-06,
      0.0
    ]
  },
  "Thailand/LPN_SEQ20430/2021": {
    "frequencies": [
      0.0,
      0.0,
      0.0,
      0.0,
      0.0,
      0.0,
      0.0,
      0.0,
      0.0,
      0.0,
      0.0,
      0.0,
      0.0,
      0.0,
      0.0,
      0.0,
      0.0,
      0.0,
      0.0,
      0.0,
      0.0,
      0.0,
      0.0,
      0.0,
      0.0,
      0.0,
      0.0,
      0.0,
      0.0,
      0.0,
      0.0,
      0.0,
      1e-06,
      4e-06,
      2e-05,
      7.9e-05,
      0.000301,
      0.00099,
      0.003457,
      0.010755,
      0.026651,
      0.048473,
      0.064258,
      0.074263,
      0.08079,
      0.085308,
      0.088196,
      0.090044,
      0.090614,
      0.089938,
      0.08796,
      0.08503
    ]
  },
  "Thailand/LPN_SEQ20431/2021": {
    "frequencies": [
      0.0,
      0.0,
      0.0,
      0.0,
      0.0,
      0.0,
      0.0,
      0.0,
      0.0,
      0.0,
      0.0,
      0.0,
      0.0,
      0.0,
      0.0,
      0.0,
      0.0,
      0.0,
      0.0,
      0.0,
      0.0,
      0.0,
      0.0,
      0.0,
      0.0,
      0.0,
      0.0,
      0.0,
      0.0,
      0.0,
      0.0,
      0.0,
      0.0,
      3e-06,
      1.2e-05,
      5e-05,
      0.000198,
      0.000677,
      0.002467,
      0.008004,
      0.020686,
      0.039346,
      0.054388,
      0.065558,
      0.074386,
      0.081903,
      0.088025,
      0.093712,
      0.098358,
      0.10182,
      0.104112,
      0.104969
    ]
  },
  "Thailand/MSN_SEQ20752/2021": {
    "frequencies": [
      0.0,
      0.0,
      0.0,
      0.0,
      0.0,
      0.0,
      0.0,
      0.0,
      0.0,
      0.0,
      0.0,
      0.0,
      0.0,
      0.0,
      0.0,
      0.0,
      0.0,
      0.0,
      0.0,
      0.0,
      0.0,
      0.0,
      0.0,
      0.0,
      0.0,
      0.0,
      0.0,
      0.0,
      0.0,
      0.0,
      0.0,
      0.0,
      0.0,
      1e-06,
      3e-06,
      1.5e-05,
      6.6e-05,
      0.000249,
      0.001007,
      0.003629,
      0.010419,
      0.02216,
      0.034011,
      0.045544,
      0.05741,
      0.070187,
      0.083116,
      0.098248,
      0.114559,
      0.131747,
      0.150562,
      0.168642
    ]
  },
  "Thailand/MSN_SEQ20753/2021": {
    "frequencies": [
      0.0,
      0.0,
      0.0,
      0.0,
      0.0,
      0.0,
      0.0,
      0.0,
      0.0,
      0.0,
      0.0,
      0.0,
      0.0,
      0.0,
      0.0,
      0.0,
      0.0,
      0.0,
      0.0,
      0.0,
      0.0,
      0.0,
      0.0,
      0.0,
      0.0,
      0.0,
      0.0,
      0.0,
      0.0,
      0.0,
      0.0,
      0.0,
      0.0,
      0.0,
      2e-06,
      1.2e-05,
      5.3e-05,
      0.000202,
      0.000835,
      0.00307,
      0.009002,
      0.019579,
      0.030686,
      0.041965,
      0.054023,
      0.067443,
      0.08143,
      0.098291,
      0.117047,
      0.137471,
      0.160638,
      0.183753
    ]
  },
  "Thailand/NST_SEQ20478/2021": {
    "frequencies": [
      0.0,
      0.0,
      0.0,
      0.0,
      0.0,
      0.0,
      0.0,
      0.0,
      0.0,
      0.0,
      0.0,
      0.0,
      0.0,
      0.0,
      0.0,
      0.0,
      0.0,
      0.0,
      0.0,
      0.0,
      0.0,
      0.0,
      0.0,
      0.0,
      0.0,
      0.0,
      0.0,
      0.0,
      0.0,
      0.0,
      0.0,
      1e-06,
      5e-06,
      2.6e-05,
      0.000105,
      0.000362,
      0.001183,
      0.003398,
      0.010241,
      0.027516,
      0.058845,
      0.091526,
      0.104793,
      0.104523,
      0.098138,
      0.089502,
      0.080784,
      0.071236,
      0.061869,
      0.052997,
      0.044357,
      0.037007
    ]
  },